{"cameraMode":{"drawMode":0,"name":"Shaded","section":"Shading Mode"},"sceneLighting":false,"audioPlay":false,"sceneViewState":{"showFog":true,"showMaterialUpdate":false,"showSkybox":false,"showFlares":true,"showImageEffects":true,"showParticleSystems":true},"in2DMode":false,"pivot":{"x":5.4009857177734379,"y":3.197235107421875,"z":-4.7380828857421879},"rotation":{"x":-0.06962285190820694,"y":0.917138934135437,"z":-0.18429990112781526,"w":-0.34646984934806826},"size":69.69770050048828,"orthographic":false}